{
  "group": "buildyourhome__uncreative_people",
  "type": "minecraft:crafting_shaped",
  "pattern": [
    "012",
    "345",
    "678"
  ],
  "key": {
    "0": {
      "item": "minecraft:paper"
    },
    "1": {
      "item": "minecraft:paper"
    },
    "2": {
      "item": "minecraft:paper"
    },
    "3": {
      "item": "minecraft:paper"
    },
    "4": {
      "item": "minecraft:emerald"
    },
    "5": {
      "item": "minecraft:paper"
    },
    "6": {
      "item": "minecraft:paper"
    },
    "7": {
      "item": "minecraft:paper"
    },
    "8": {
      "item": "minecraft:paper"
    }
  },
  "result": {
    "item": "buildyourhome__uncreative_people:blueprint_house_3",
    "count": 1
  }
}