{
  "_fv": 18,
  "_type": "recipe",
  "definition": {
    "recipeType": "Crafting",
    "xpReward": 0.0,
    "cookingTime": 200,
    "recipeRetstackSize": 1,
    "group": "",
    "recipeShapeless": false,
    "recipeSlots": [
      {
        "value": "Items.PAPER"
      },
      {
        "value": "Items.PAPER"
      },
      {
        "value": "Items.PAPER"
      },
      {
        "value": "Items.PAPER"
      },
      {
        "value": "Items.HEART_OF_THE_SEA"
      },
      {
        "value": "Items.PAPER"
      },
      {
        "value": "Items.PAPER"
      },
      {
        "value": "Items.PAPER"
      },
      {
        "value": "Items.PAPER"
      }
    ],
    "recipeReturnStack": {
      "value": "CUSTOM:BlueprintHouse4"
    },
    "name": "blueprint_house_04",
    "namespace": "mod"
  }
}