{
  "_fv": 18,
  "_type": "recipe",
  "definition": {
    "recipeType": "Crafting",
    "xpReward": 0.0,
    "cookingTime": 200,
    "recipeRetstackSize": 1,
    "group": "",
    "recipeShapeless": false,
    "recipeSlots": [
      {
        "value": "Items.PAPER"
      },
      {
        "value": "Items.PAPER"
      },
      {
        "value": "Items.PAPER"
      },
      {
        "value": "Items.PAPER"
      },
      {
        "value": "Items.DIAMOND"
      },
      {
        "value": "Items.PAPER"
      },
      {
        "value": "Items.PAPER"
      },
      {
        "value": "Items.PAPER"
      },
      {
        "value": "Items.PAPER"
      }
    ],
    "recipeReturnStack": {
      "value": "CUSTOM:BlueprintHouse1"
    },
    "name": "blueprint_house_01",
    "namespace": "mod"
  }
}